{"cameraMode":{"drawMode":0,"name":"Shaded","section":"Shading Mode"},"sceneLighting":true,"audioPlay":false,"sceneViewState":{"showFog":true,"showMaterialUpdate":true,"showSkybox":true,"showFlares":true,"showImageEffects":true,"showParticleSystems":true},"in2DMode":false,"pivot":{"x":3.6921517848968508,"y":2.2890000343322756,"z":-2.9549999237060549},"rotation":{"x":0.0012567992089316249,"y":0.5459306836128235,"z":-0.0008187958155758679,"w":0.837829053401947},"size":22.0,"orthographic":true}