{"cameraMode":{"drawMode":0,"name":"Shaded","section":"Shading Mode"},"sceneLighting":false,"audioPlay":false,"sceneViewState":{"showFog":true,"showMaterialUpdate":true,"showSkybox":false,"showFlares":true,"showImageEffects":true,"showParticleSystems":true},"in2DMode":false,"pivot":{"x":3.6921517848968508,"y":2.2520384788513185,"z":-3.4466750621795656},"rotation":{"x":-0.014257747679948807,"y":0.4736449718475342,"z":0.007669122889637947,"w":0.8805671334266663},"size":0.5078070163726807,"orthographic":false}